method,n_per_group,fold_change,dispersion,power,observed_fdr,auc,null_p_below_alpha,n_called
moderated,3,2.0000,0.2000,0.0022,0.0000,0.8020,0.0486,1.1000
welch,3,2.0000,0.2000,0.0000,0.0000,0.7708,0.0334,0.0000
mannwhitney,3,2.0000,0.2000,0.0000,0.0000,0.7488,0.0000,0.0000
moderated,3,4.0000,0.2000,0.6214,0.0375,0.9786,0.0481,323.0000
welch,3,4.0000,0.2000,0.0002,0.0000,0.9450,0.0342,0.1000
mannwhitney,3,4.0000,0.2000,0.0000,0.0000,0.9178,0.0000,0.0000
moderated,4,2.0000,0.2000,0.0152,0.0071,0.8548,0.0516,7.7000
welch,4,2.0000,0.2000,0.0000,0.0000,0.8320,0.0393,0.0000
mannwhitney,4,2.0000,0.2000,0.0000,0.0000,0.8193,0.0287,0.0000
moderated,4,4.0000,0.2000,0.8286,0.0348,0.9914,0.0500,429.3000
welch,4,4.0000,0.2000,0.0186,0.0213,0.9761,0.0389,9.6000
mannwhitney,4,4.0000,0.2000,0.0000,0.0000,0.9653,0.0287,0.0000
moderated,5,2.0000,0.2000,0.0602,0.0510,0.8829,0.0462,31.1000
welch,5,2.0000,0.2000,0.0024,0.0444,0.8656,0.0396,1.4000
mannwhitney,5,2.0000,0.2000,0.0000,0.0000,0.8576,0.0304,0.0000
moderated,5,4.0000,0.2000,0.9060,0.0371,0.9949,0.0462,470.5000
welch,5,4.0000,0.2000,0.4288,0.0288,0.9876,0.0408,220.9000
mannwhitney,5,4.0000,0.2000,0.0000,0.0000,0.9833,0.0319,0.0000
moderated,6,2.0000,0.2000,0.1402,0.0298,0.9103,0.0495,72.4000
welch,6,2.0000,0.2000,0.0016,0.1500,0.8953,0.0442,1.0000
mannwhitney,6,2.0000,0.2000,0.0000,0.0000,0.8884,0.0416,0.0000
moderated,6,4.0000,0.2000,0.9520,0.0429,0.9971,0.0499,497.4000
welch,6,4.0000,0.2000,0.7368,0.0384,0.9933,0.0444,383.1000
mannwhitney,6,4.0000,0.2000,0.0000,0.0000,0.9920,0.0415,0.0000
moderated,8,2.0000,0.2000,0.3424,0.0387,0.9469,0.0496,178.1000
welch,8,2.0000,0.2000,0.0666,0.0365,0.9370,0.0470,34.3000
mannwhitney,8,2.0000,0.2000,0.0000,0.0000,0.9336,0.0382,0.0000
moderated,8,4.0000,0.2000,0.9788,0.0428,0.9987,0.0492,511.4000
welch,8,4.0000,0.2000,0.9320,0.0369,0.9977,0.0467,483.9000
mannwhitney,8,4.0000,0.2000,0.8624,0.0192,0.9975,0.0392,439.6000
moderated,10,2.0000,0.2000,0.5304,0.0423,0.9716,0.0492,276.9000
welch,10,2.0000,0.2000,0.3132,0.0409,0.9652,0.0468,163.3000
mannwhitney,10,2.0000,0.2000,0.0088,0.0043,0.9630,0.0427,4.6000
moderated,10,4.0000,0.2000,0.9902,0.0396,0.9991,0.0490,515.6000
welch,10,4.0000,0.2000,0.9798,0.0373,0.9989,0.0466,508.9000
mannwhitney,10,4.0000,0.2000,0.9696,0.0253,0.9989,0.0440,497.4000
