Gene_ID,base_mean,log2_fold_change,pvalue,padj
ENSG00000118785,535.298,2.75058,8.80834e-06,0.318025
ENSG00000136750,547.631,-1.33175,3.70832e-05,0.545148
ENSG00000251792,25.5633,3.46969,4.52969e-05,0.545148
ENSG00000139318,102.561,-1.61247,6.36303e-05,0.547372
ENSG00000186081,7.62084,-3.11367,8.55238e-05,0.547372
ENSG00000199788,27.6337,2.74732,9.96845e-05,0.547372
ENSG00000243498,23.2781,2.25768,0.000114339,0.547372
ENSG00000222509,25.342,2.1955,0.000133699,0.547372
ENSG00000223298,25.007,3.03544,0.000136445,0.547372
ENSG00000200428,21.5966,2.02325,0.000187439,0.676749
ENSG00000128564,184.152,-2.30628,0.000281631,0.903896
ENSG00000188848,42.1586,-1.47831,0.000361826,0.903896
ENSG00000200118,30.5205,2.71284,0.000363233,0.903896
ENSG00000151789,314.405,-1.10848,0.000375606,0.903896
ENSG00000089169,1034.26,-1.57874,0.000461504,0.903896
ENSG00000002933,59.8358,1.54845,0.000483827,0.903896
ENSG00000175426,475.715,-1.5601,0.000504865,0.903896
ENSG00000271538,7.64901,-3.29058,0.000507713,0.903896
ENSG00000128683,677.508,-0.935061,0.0005106,0.903896
ENSG00000173369,256.767,1.70536,0.000524009,0.903896
ENSG00000163576,16.9926,-2.65152,0.000525739,0.903896
ENSG00000226085,94.8398,-1.24154,0.000649266,0.923487
ENSG00000178927,280.289,1.07686,0.000678791,0.923487
ENSG00000030419,182.189,1.03714,0.000708491,0.923487
ENSG00000145248,11.6897,-2.19014,0.000709265,0.923487
ENSG00000144227,44.4325,-1.63409,0.000772484,0.923487
ENSG00000104490,909.971,-0.931497,0.000856966,0.923487
ENSG00000182240,49.4444,1.28461,0.000945593,0.923487
ENSG00000271034,80.7715,1.14575,0.000960905,0.923487
ENSG00000006432,587.389,-0.757811,0.00102869,0.923487
ENSG00000107105,500.622,-0.87006,0.00108239,0.923487
ENSG00000142583,64.5707,1.62615,0.00109566,0.923487
ENSG00000117152,1829.47,-1.24821,0.00119261,0.923487
ENSG00000115468,176.639,1.13382,0.00119284,0.923487
ENSG00000275830,33.5506,2.65379,0.00119599,0.923487
ENSG00000286001,10.6995,-2.47109,0.00129814,0.923487
ENSG00000157404,271.74,-1.16651,0.00134777,0.923487
ENSG00000239830,32.938,1.742,0.00137987,0.923487
ENSG00000152932,1603.4,-0.909894,0.00143005,0.923487
ENSG00000122863,106.449,1.7224,0.00150476,0.923487
ENSG00000206921,2.65723,-3.22246,0.00153124,0.923487
ENSG00000282222,3.78447,3.49434,0.00155532,0.923487
ENSG00000157766,71.1972,1.5931,0.00160959,0.923487
ENSG00000058335,565.402,-1.05038,0.00162879,0.923487
ENSG00000183196,106.462,1.71821,0.00169535,0.923487
ENSG00000261757,7.10491,-2.39662,0.00169988,0.923487
ENSG00000102287,87.7746,1.23774,0.00172562,0.923487
ENSG00000278265,3.17973,-3.32914,0.00176133,0.923487
ENSG00000277698,3.17973,-3.32914,0.00176133,0.923487
ENSG00000275391,3.17973,-3.32914,0.00176133,0.923487
ENSG00000274898,2.35589,3.40838,0.00182436,0.923487
ENSG00000109099,196.242,1.21077,0.00183117,0.923487
ENSG00000199567,25.6529,2.70364,0.00186308,0.923487
ENSG00000177875,107.573,-1.13379,0.00186794,0.923487
ENSG00000096060,495.108,1.67946,0.00195299,0.923487
ENSG00000135069,624.241,0.79281,0.00196453,0.923487
ENSG00000200252,24.685,2.65526,0.00199151,0.923487
ENSG00000120738,179.618,-1.57418,0.00199175,0.923487
ENSG00000285673,5.28347,2.43558,0.00204071,0.923487
ENSG00000188730,160.726,-1.15982,0.00217871,0.923487
ENSG00000260271,2.01593,-2.9884,0.00221111,0.923487
ENSG00000266439,45.9433,-4.04234,0.00229662,0.923487
ENSG00000187094,174.632,-1.01463,0.00230592,0.923487
ENSG00000166006,533.225,-0.864713,0.00231101,0.923487
ENSG00000112851,1774.33,1.29492,0.00239059,0.923487
ENSG00000112186,978.177,-1.14318,0.00251929,0.923487
ENSG00000150337,55.442,1.63065,0.00253987,0.923487
ENSG00000147571,45.507,-3.3573,0.00257401,0.923487
ENSG00000266573,3.93445,-2.97452,0.00258899,0.923487
ENSG00000115935,94.0092,0.951171,0.00260558,0.923487
ENSG00000232983,2.46002,3.1358,0.00260593,0.923487
ENSG00000132465,4.91877,3.22795,0.00262087,0.923487
ENSG00000070601,43.2902,-1.04444,0.00271538,0.923487
ENSG00000231888,2.02577,-2.95882,0.00276327,0.923487
ENSG00000196209,13.5509,1.55692,0.0028135,0.923487
ENSG00000261549,34.297,-1.36704,0.00281971,0.923487
ENSG00000038427,1042.28,0.932704,0.00290068,0.923487
ENSG00000072952,673.597,1.15897,0.00292059,0.923487
ENSG00000199732,37.1591,2.12817,0.00295306,0.923487
ENSG00000201121,18.7471,-3.94097,0.00299582,0.923487
ENSG00000244405,355.937,-0.945902,0.00300821,0.923487
ENSG00000279927,9.91129,-1.89301,0.00301694,0.923487
ENSG00000136997,16.8933,1.81627,0.00302819,0.923487
ENSG00000228754,9.5138,-2.44155,0.00303984,0.923487
ENSG00000196542,72.6636,-1.02988,0.00308046,0.923487
ENSG00000265531,34.3382,1.53956,0.00311486,0.923487
ENSG00000197177,87.4323,-1.03552,0.00312538,0.923487
ENSG00000250305,390.268,-0.698032,0.00312863,0.923487
ENSG00000171450,97.4685,-0.984871,0.00315029,0.923487
ENSG00000259656,2.2456,-2.99912,0.00316921,0.923487
ENSG00000179344,29.3843,1.53004,0.00322175,0.923487
ENSG00000183654,13.0288,-1.68048,0.00322285,0.923487
ENSG00000120875,70.7911,-1.94238,0.00323525,0.923487
ENSG00000282697,3.47128,3.02611,0.00326465,0.923487
ENSG00000162989,485.546,-0.750999,0.0032732,0.923487
ENSG00000188042,317.315,-0.729577,0.00329155,0.923487
ENSG00000126500,43.2288,-1.23056,0.00330464,0.923487
ENSG00000122012,195.61,-1.09811,0.003341,0.923487
ENSG00000074706,1116.97,-0.824198,0.00335076,0.923487
ENSG00000254510,2.69108,-2.76613,0.00335846,0.923487
